{
  "swagger": "2.0",
  "info": {
    "version": "1.0.0",
    "title": "teste",
    "description": "teste"
  },
  "host": "localhost:3000",
  "basePath": "",
  "tags": [
    {
      "name": "",
      "description": ""
    }
  ],
  "schemes": [
    "http"
  ],
  "securityDefinitions": {},
  "paths": {
    "/adm/company": {
      "post": {
        "tags": [
          "Administration-Company"
        ],
        "description": "Register a company",
        "parameters": [
          {
            "name": "Adm",
            "in": "body",
            "description": "Instance data",
            "schema": {
              "type": "object",
              "properties": {
                "name": {
                  "type": "string",
                  "example": "string"
                }
              }
            }
          }
        ],
        "responses": {
          "default": {
            "description": ""
          }
        },
        "security": [
          {
            "BearerAuth": []
          }
        ]
      },
      "get": {
        "tags": [
          "Administration-Company"
        ],
        "description": "View a company",
        "parameters": [
          {
            "name": "id",
            "in": "query",
            "type": "string"
          }
        ],
        "responses": {
          "default": {
            "description": ""
          }
        }
      }
    },
    "/adm/company/{id}": {
      "put": {
        "tags": [
          "Administration-Company"
        ],
        "description": "Update a company",
        "parameters": [
          {
            "name": "id",
            "in": "path",
            "required": true,
            "type": "string"
          },
          {
            "name": "Adm",
            "in": "body",
            "description": "Instance data",
            "schema": {
              "type": "object",
              "properties": {
                "name": {
                  "type": "string",
                  "example": "string"
                }
              }
            }
          }
        ],
        "responses": {
          "default": {
            "description": ""
          }
        },
        "security": [
          {
            "BearerAuth": []
          }
        ]
      },
      "delete": {
        "tags": [
          "Administration-Company"
        ],
        "description": "Delete a company",
        "parameters": [
          {
            "name": "id",
            "in": "path",
            "required": true,
            "type": "string"
          }
        ],
        "responses": {
          "default": {
            "description": ""
          }
        },
        "security": [
          {
            "BearerAuth": []
          }
        ]
      }
    }
  }
}